[
  {
    "curso": {
      "nombre": "Curso 1",
      "descripcion": "Descripcion 1",
      "fecha_inicio": "2025-02-01",
      "fecha_fin": "2025-06-30",
      "profesor": "Profesor 1"
    },
    "estudiantes": [
      {
        "nombre": "Estudiante 1",
        "apellido_paterno": "Apellido Paterno 1",
        "apellido_materno": "Apellido Materno 1",
        "fecha_nacimiento": "1990-01-01",
        "telefono": "1111111111"
      },
      {
        "nombre": "Estudiante 2",
        "apellido_paterno": "Apellido Paterno 2",
        "apellido_materno": "Apellido Materno 2",
        "fecha_nacimiento": "1991-02-15",
        "telefono": "2222222222"
      }
    ]
  },
  {
    "curso": {
      "nombre": "Curso 1",
      "descripcion": "Descripcion 1",
      "fecha_inicio": "2025-02-01",
      "fecha_fin": "2025-06-30",
      "profesor": "Profesor 1"
    },
    "estudiantes": [
      {
        "nombre": "Estudiante 1",
        "apellido_paterno": "Apellido Paterno 1",
        "apellido_materno": "Apellido Materno 1",
        "fecha_nacimiento": "1990-01-01",
        "telefono": "1111111111"
      },
      {
        "nombre": "Estudiante 2",
        "apellido_paterno": "Apellido Paterno 2",
        "apellido_materno": "Apellido Materno 2",
        "fecha_nacimiento": "1991-02-15",
        "telefono": "2222222222"
      }
    ]
  }
]